Model,MAE,R2,Residual_Min,Residual_Max
Random Forest,0.18692449149927137,-0.1697187463872607,-0.15523359106171064,0.4178371377601131
XGBoost,0.1570325650340516,0.2737650164579817,-0.16478735916443554,0.3189371736068054
