Model,MAE,R2,Residual_Min,Residual_Max
Random Forest,0.7432172105643899,-11.4844106243636,0.44600304784399647,1.0397843072252257
XGBoost,0.9212325411085356,-17.573142341485827,0.6967009474796928,1.2523857699273275
