Model,MAE,R2,Residual_Min,Residual_Max
Random Forest,1.2076050940045087,-30.401252129055514,0.8951050940045082,1.4951050940045096
XGBoost,1.5657610266608022,-51.10843189805608,1.2532610266608017,1.8532610266608032
